Liczba wypadków,Liczba zabitych,Liczba rannych,Rok,Warunki atmosferyczne,Rodzaj zdarzenia,Warunki atmosferyczne,Oświetlenie,Charakterystyka miejsca zdarzenia,IDKSIP zdarzenia,Godzina,Dzień,Ranny,GPS x,GPS y,Numer drogi,Obszar,Geometria drogi,Kategoria drogi 1,Rodzaj drogi,Czy w zdarzeniu był sprawca nietrzeźwy,Powiat,Gmina
1,0,0,2019,Dobre warunki atmosferyczne,Najechanie na pieszego,Dobre warunki atmosferyczne,Noc - droga oświetlona,"Parking, plac, MOP",EWK-107808169M,19,2019-04-01,Nieokreślone (puste pole),20*35'281,52*53'015,G121181W,Obszar zabudowany,Odcinek prosty,Droga gminna,Jednojezdniowa dwukierunkowa,N,POWIAT CIECHANOWSKI,CIECHANÓW - OBSZAR MIEJSKI
1,0,1,2019,Dobre warunki atmosferyczne,Najechanie na pieszego,Dobre warunki atmosferyczne,Noc - droga oświetlona,Przejście dla pieszych,EWK-107620509H,21,2019-01-10,Lekko,19*41'118,52*32'467,5207W,Obszar zabudowany,,Droga powiatowa,Jednokierunkowa,N,POWIAT PŁOCK,PŁOCK - OBSZAR MIEJSKI
1,0,0,2019,Dobre warunki atmosferyczne,Najechanie na pieszego,Dobre warunki atmosferyczne,Noc - droga oświetlona,Przejście dla pieszych,EWK-107620509H,21,2019-01-10,Nieokreślone (puste pole),19*41'118,52*32'467,5207W,Obszar zabudowany,,Droga powiatowa,Jednokierunkowa,N,POWIAT PŁOCK,PŁOCK - OBSZAR MIEJSKI
1,0,1,2019,Dobre warunki atmosferyczne,Najechanie na pieszego,Dobre warunki atmosferyczne,Noc - droga oświetlona,Przejście dla pieszych,EWK-107660882C,17,2019-01-22,Lekko,21*34'400,53*04'380,P5101W,Obszar zabudowany,Odcinek prosty,Droga powiatowa,Jednojezdniowa dwukierunkowa,N,POWIAT OSTROŁĘKA,OSTROŁĘKA - OBSZAR MIEJSKI
1,0,0,2019,Dobre warunki atmosferyczne,Najechanie na pieszego,Dobre warunki atmosferyczne,Noc - droga oświetlona,Przejście dla pieszych,EWK-107660882C,17,2019-01-22,Nieokreślone (puste pole),21*34'400,53*04'380,P5101W,Obszar zabudowany,Odcinek prosty,Droga powiatowa,Jednojezdniowa dwukierunkowa,N,POWIAT OSTROŁĘKA,OSTROŁĘKA - OBSZAR MIEJSKI
1,0,1,2019,Dobre warunki atmosferyczne,Najechanie na pieszego,Dobre warunki atmosferyczne,Noc - droga oświetlona,Przejście dla pieszych,EWK-107709787L,22,2019-02-18,Lekko,20*36'398,52*51'449,G121121W,Obszar zabudowany,Odcinek prosty,Droga gminna,Dwie jezdnie jednokierunkowe,N,POWIAT CIECHANOWSKI,CIECHANÓW - OBSZAR MIEJSKI
1,0,0,2019,Dobre warunki atmosferyczne,Najechanie na pieszego,Dobre warunki atmosferyczne,Noc - droga oświetlona,Przejście dla pieszych,EWK-107709787L,22,2019-02-18,Nieokreślone (puste pole),20*36'398,52*51'449,G121121W,Obszar zabudowany,Odcinek prosty,Droga gminna,Dwie jezdnie jednokierunkowe,N,POWIAT CIECHANOWSKI,CIECHANÓW - OBSZAR MIEJSKI
1,0,1,2019,Dobre warunki atmosferyczne,Najechanie na pieszego,Dobre warunki atmosferyczne,Noc - droga oświetlona,Przejście dla pieszych,EWK-107893917Q,20,2019-04-25,Ciężko,20*37'416,51*21'316,12,Obszar zabudowany,Odcinek prosty,Droga krajowa,Jednojezdniowa dwukierunkowa,N,POWIAT PRZYSUSKI,PRZYSUCHA - OBSZAR MIEJSKI
1,0,0,2019,Dobre warunki atmosferyczne,Najechanie na pieszego,Dobre warunki atmosferyczne,Noc - droga oświetlona,Przejście dla pieszych,EWK-107893917Q,20,2019-04-25,Nieokreślone (puste pole),20*37'416,51*21'316,12,Obszar zabudowany,Odcinek prosty,Droga krajowa,Jednojezdniowa dwukierunkowa,N,POWIAT PRZYSUSKI,PRZYSUCHA - OBSZAR MIEJSKI
1,1,0,2019,Dobre warunki atmosferyczne,Najechanie na pieszego,Dobre warunki atmosferyczne,Noc - droga oświetlona,Przejście dla pieszych,EWK-108155134L,4,2019-09-14,Nieokreślone (puste pole),21*10'183,51*24'157,P5329W,Obszar zabudowany,,Droga powiatowa,Jednojezdniowa dwukierunkowa,N,POWIAT RADOM,RADOM - OBSZAR MIEJSKI
1,0,1,2019,Dobre warunki atmosferyczne,Najechanie na pieszego,Dobre warunki atmosferyczne,Noc - droga oświetlona,Przejście dla pieszych,EWK-108160973Q,22,2019-09-06,Lekko,21*11'269,51*47'033,G161094W,Obszar zabudowany,Odcinek prosty,Droga gminna,Jednojezdniowa dwukierunkowa,N,POWIAT GRÓJECKI,WARKA - OBSZAR MIEJSKI
1,0,0,2019,Dobre warunki atmosferyczne,Najechanie na pieszego,Dobre warunki atmosferyczne,Noc - droga oświetlona,Przejście dla pieszych,EWK-108160973Q,22,2019-09-06,Nieokreślone (puste pole),21*11'269,51*47'033,G161094W,Obszar zabudowany,Odcinek prosty,Droga gminna,Jednojezdniowa dwukierunkowa,N,POWIAT GRÓJECKI,WARKA - OBSZAR MIEJSKI
1,1,0,2019,Dobre warunki atmosferyczne,Najechanie na pieszego,Dobre warunki atmosferyczne,Noc - droga oświetlona,Przejście dla pieszych,EWK-108227069Y,21,2019-10-11,Nieokreślone (puste pole),21*05'010,52*42'349,61,Obszar zabudowany,Odcinek prosty,Droga krajowa,Jednojezdniowa dwukierunkowa,N,POWIAT PUŁTUSKI,PUŁTUSK - OBSZAR MIEJSKI
1,0,1,2019,Dobre warunki atmosferyczne,Najechanie na pieszego,Dobre warunki atmosferyczne,Noc - droga oświetlona,Przejście dla pieszych,EWK-108237130A,5,2019-10-16,Lekko,20*30'147,51*58'369,P4715W,Obszar zabudowany,Odcinek prosty,Droga powiatowa,Jednojezdniowa dwukierunkowa,N,POWIAT ŻYRARDOWSKI,MSZCZONÓW - OBSZAR MIEJSKI
1,0,0,2019,Dobre warunki atmosferyczne,Najechanie na pieszego,Dobre warunki atmosferyczne,Noc - droga oświetlona,Przejście dla pieszych,EWK-108237130A,5,2019-10-16,Nieokreślone (puste pole),20*30'147,51*58'369,P4715W,Obszar zabudowany,Odcinek prosty,Droga powiatowa,Jednojezdniowa dwukierunkowa,N,POWIAT ŻYRARDOWSKI,MSZCZONÓW - OBSZAR MIEJSKI
1,1,0,2019,Dobre warunki atmosferyczne,Najechanie na pieszego,Dobre warunki atmosferyczne,Noc - droga oświetlona,Przejście dla pieszych,EWK-108237564H,18,2019-10-15,Nieokreślone (puste pole),20*30'432,51*58'255,P4724W,Obszar zabudowany,Odcinek prosty,Droga powiatowa,Jednojezdniowa dwukierunkowa,N,POWIAT ŻYRARDOWSKI,MSZCZONÓW - OBSZAR MIEJSKI
1,0,1,2019,Dobre warunki atmosferyczne,Najechanie na pieszego,Dobre warunki atmosferyczne,Noc - droga oświetlona,Przejście dla pieszych,EWK-108242061L,18,2019-10-18,Lekko,21*05'480,51*23'192,7,Obszar zabudowany,,Droga krajowa,Jednojezdniowa dwukierunkowa,N,POWIAT RADOM,RADOM - OBSZAR MIEJSKI
1,0,0,2019,Dobre warunki atmosferyczne,Najechanie na pieszego,Dobre warunki atmosferyczne,Noc - droga oświetlona,Przejście dla pieszych,EWK-108242061L,18,2019-10-18,Nieokreślone (puste pole),21*05'480,51*23'192,7,Obszar zabudowany,,Droga krajowa,Jednojezdniowa dwukierunkowa,N,POWIAT RADOM,RADOM - OBSZAR MIEJSKI
1,0,1,2019,Dobre warunki atmosferyczne,Najechanie na pieszego,Dobre warunki atmosferyczne,Noc - droga oświetlona,Przejście dla pieszych,EWK-108243263F,20,2019-10-19,Lekko,21*35'455,51*53'539,76,Obszar zabudowany,Odcinek prosty,Droga krajowa,Jednojezdniowa dwukierunkowa,N,POWIAT GARWOLIŃSKI,GARWOLIN - OBSZAR MIEJSKI
1,0,0,2019,Dobre warunki atmosferyczne,Najechanie na pieszego,Dobre warunki atmosferyczne,Noc - droga oświetlona,Przejście dla pieszych,EWK-108243263F,20,2019-10-19,Nieokreślone (puste pole),21*35'455,51*53'539,76,Obszar zabudowany,Odcinek prosty,Droga krajowa,Jednojezdniowa dwukierunkowa,N,POWIAT GARWOLIŃSKI,GARWOLIN - OBSZAR MIEJSKI
1,0,1,2019,Dobre warunki atmosferyczne,Najechanie na pieszego,Dobre warunki atmosferyczne,Noc - droga oświetlona,Przejście dla pieszych,EWK-108274255Y,16,2019-10-30,Lekko,22*17'339,52*10'461,P,Obszar zabudowany,,Droga powiatowa,Jednojezdniowa dwukierunkowa,N,POWIAT SIEDLCE,SIEDLCE - OBSZAR MIEJSKI
1,0,0,2019,Dobre warunki atmosferyczne,Najechanie na pieszego,Dobre warunki atmosferyczne,Noc - droga oświetlona,Przejście dla pieszych,EWK-108274255Y,16,2019-10-30,Nieokreślone (puste pole),22*17'339,52*10'461,P,Obszar zabudowany,,Droga powiatowa,Jednojezdniowa dwukierunkowa,N,POWIAT SIEDLCE,SIEDLCE - OBSZAR MIEJSKI
1,0,1,2019,Dobre warunki atmosferyczne,Najechanie na pieszego,Dobre warunki atmosferyczne,Noc - droga oświetlona,Przejście dla pieszych,EWK-108289453C,16,2019-11-03,Ciężko,21*08'108,51*25'014,7,Obszar zabudowany,Odcinek prosty,Droga krajowa,Dwie jezdnie jednokierunkowe,N,POWIAT RADOM,RADOM - OBSZAR MIEJSKI
1,0,0,2019,Dobre warunki atmosferyczne,Najechanie na pieszego,Dobre warunki atmosferyczne,Noc - droga oświetlona,Przejście dla pieszych,EWK-108289453C,16,2019-11-03,Nieokreślone (puste pole),21*08'108,51*25'014,7,Obszar zabudowany,Odcinek prosty,Droga krajowa,Dwie jezdnie jednokierunkowe,N,POWIAT RADOM,RADOM - OBSZAR MIEJSKI
1,0,1,2019,Dobre warunki atmosferyczne,Najechanie na pieszego,Dobre warunki atmosferyczne,Noc - droga oświetlona,Przejście dla pieszych,EWK-108345646C,17,2019-11-20,Ciężko,21*09'585,51*24'260,P5312W,Obszar zabudowany,,Droga powiatowa,Dwie jezdnie jednokierunkowe,N,POWIAT RADOM,RADOM - OBSZAR MIEJSKI
1,0,0,2019,Dobre warunki atmosferyczne,Najechanie na pieszego,Dobre warunki atmosferyczne,Noc - droga oświetlona,Przejście dla pieszych,EWK-108345646C,17,2019-11-20,Nieokreślone (puste pole),21*09'585,51*24'260,P5312W,Obszar zabudowany,,Droga powiatowa,Dwie jezdnie jednokierunkowe,N,POWIAT RADOM,RADOM - OBSZAR MIEJSKI
1,0,1,2019,Dobre warunki atmosferyczne,Najechanie na pieszego,Dobre warunki atmosferyczne,Noc - droga oświetlona,Przejście dla pieszych,EWK-108355986T,20,2019-11-20,Ciężko,21*09'527,51*22'356,G530183W,Obszar zabudowany,Odcinek prosty,Droga gminna,Jednojezdniowa dwukierunkowa,N,POWIAT RADOM,RADOM - OBSZAR MIEJSKI
1,0,0,2019,Dobre warunki atmosferyczne,Najechanie na pieszego,Dobre warunki atmosferyczne,Noc - droga oświetlona,Przejście dla pieszych,EWK-108355986T,20,2019-11-20,Nieokreślone (puste pole),21*09'527,51*22'356,G530183W,Obszar zabudowany,Odcinek prosty,Droga gminna,Jednojezdniowa dwukierunkowa,N,POWIAT RADOM,RADOM - OBSZAR MIEJSKI
1,0,1,2019,Dobre warunki atmosferyczne,Najechanie na pieszego,Dobre warunki atmosferyczne,Noc - droga oświetlona,Przejście dla pieszych,EWK-108361532P,18,2019-11-22,Ciężko,21*09'070,51*23'276,P5321W,Obszar zabudowany,Odcinek prosty,Droga powiatowa,Dwie jezdnie jednokierunkowe,N,POWIAT RADOM,RADOM - OBSZAR MIEJSKI
1,0,0,2019,Dobre warunki atmosferyczne,Najechanie na pieszego,Dobre warunki atmosferyczne,Noc - droga oświetlona,Przejście dla pieszych,EWK-108361532P,18,2019-11-22,Nieokreślone (puste pole),21*09'070,51*23'276,P5321W,Obszar zabudowany,Odcinek prosty,Droga powiatowa,Dwie jezdnie jednokierunkowe,N,POWIAT RADOM,RADOM - OBSZAR MIEJSKI
1,0,1,2019,Dobre warunki atmosferyczne,Najechanie na pieszego,Dobre warunki atmosferyczne,Noc - droga oświetlona,Przejście dla pieszych,EWK-108361533G,17,2019-11-22,Ciężko,20*47'158,53*09'150,P3216W,Obszar zabudowany,Odcinek prosty,Droga powiatowa,Jednojezdniowa dwukierunkowa,N,POWIAT PRZASNYSKI,KRZYNOWŁOGA MAŁA - OBSZAR WIEJSKI
1,0,0,2019,Dobre warunki atmosferyczne,Najechanie na pieszego,Dobre warunki atmosferyczne,Noc - droga oświetlona,Przejście dla pieszych,EWK-108361533G,17,2019-11-22,Nieokreślone (puste pole),20*47'158,53*09'150,P3216W,Obszar zabudowany,Odcinek prosty,Droga powiatowa,Jednojezdniowa dwukierunkowa,N,POWIAT PRZASNYSKI,KRZYNOWŁOGA MAŁA - OBSZAR WIEJSKI
1,0,1,2019,Dobre warunki atmosferyczne,Najechanie na pieszego,Dobre warunki atmosferyczne,Noc - droga oświetlona,Przejście dla pieszych,EWK-108362898C,17,2019-11-24,Lekko,21*09'392,51*24'495,P5305W,Obszar zabudowany,,Droga powiatowa,Dwie jezdnie jednokierunkowe,N,POWIAT RADOM,RADOM - OBSZAR MIEJSKI
1,0,0,2019,Dobre warunki atmosferyczne,Najechanie na pieszego,Dobre warunki atmosferyczne,Noc - droga oświetlona,Przejście dla pieszych,EWK-108362898C,17,2019-11-24,Nieokreślone (puste pole),21*09'392,51*24'495,P5305W,Obszar zabudowany,,Droga powiatowa,Dwie jezdnie jednokierunkowe,N,POWIAT RADOM,RADOM - OBSZAR MIEJSKI
1,0,1,2019,Dobre warunki atmosferyczne,Najechanie na pieszego,Dobre warunki atmosferyczne,Noc - droga oświetlona,Przejście dla pieszych,EWK-108371380G,19,2019-11-27,Lekko,22*16'536,52*10'328,63,Obszar zabudowany,Odcinek prosty,Droga krajowa,Jednojezdniowa dwukierunkowa,N,POWIAT SIEDLCE,SIEDLCE - OBSZAR MIEJSKI
1,0,0,2019,Dobre warunki atmosferyczne,Najechanie na pieszego,Dobre warunki atmosferyczne,Noc - droga oświetlona,Przejście dla pieszych,EWK-108371380G,19,2019-11-27,Nieokreślone (puste pole),22*16'536,52*10'328,63,Obszar zabudowany,Odcinek prosty,Droga krajowa,Jednojezdniowa dwukierunkowa,N,POWIAT SIEDLCE,SIEDLCE - OBSZAR MIEJSKI
1,0,1,2019,Dobre warunki atmosferyczne,Najechanie na pieszego,Dobre warunki atmosferyczne,Noc - droga oświetlona,Przejście dla pieszych,EWK-108441781U,16,2019-12-11,Lekko,21*26'360,51*28'370,787,Obszar zabudowany,Odcinek prosty,Droga wojewódzka,Dwie jezdnie jednokierunkowe,N,POWIAT RADOMSKI,PIONKI - OBSZAR MIEJSKI
1,0,0,2019,Dobre warunki atmosferyczne,Najechanie na pieszego,Dobre warunki atmosferyczne,Noc - droga oświetlona,Przejście dla pieszych,EWK-108441781U,16,2019-12-11,Nieokreślone (puste pole),21*26'360,51*28'370,787,Obszar zabudowany,Odcinek prosty,Droga wojewódzka,Dwie jezdnie jednokierunkowe,N,POWIAT RADOMSKI,PIONKI - OBSZAR MIEJSKI
1,0,1,2019,Dobre warunki atmosferyczne,Najechanie na pieszego,Dobre warunki atmosferyczne,Noc - droga oświetlona,Przejście dla pieszych,EWK-108441816U,16,2019-12-11,Ciężko,20*14'564,52*14'159,705,Obszar zabudowany,Odcinek prosty,Droga wojewódzka,Jednojezdniowa dwukierunkowa,N,POWIAT SOCHACZEWSKI,SOCHACZEW - OBSZAR MIEJSKI
1,0,0,2019,Dobre warunki atmosferyczne,Najechanie na pieszego,Dobre warunki atmosferyczne,Noc - droga oświetlona,Przejście dla pieszych,EWK-108441816U,16,2019-12-11,Nieokreślone (puste pole),20*14'564,52*14'159,705,Obszar zabudowany,Odcinek prosty,Droga wojewódzka,Jednojezdniowa dwukierunkowa,N,POWIAT SOCHACZEWSKI,SOCHACZEW - OBSZAR MIEJSKI
1,0,1,2019,Dobre warunki atmosferyczne,Najechanie na pieszego,Dobre warunki atmosferyczne,Noc - droga oświetlona,Przejście dla pieszych,EWK-108489446K,16,2019-11-11,Ciężko,20*36'140,52*52'510,615,Obszar zabudowany,Odcinek prosty,Droga wojewódzka,Jednojezdniowa dwukierunkowa,N,POWIAT CIECHANOWSKI,CIECHANÓW - OBSZAR MIEJSKI
1,0,0,2019,Dobre warunki atmosferyczne,Najechanie na pieszego,Dobre warunki atmosferyczne,Noc - droga oświetlona,Przejście dla pieszych,EWK-108489446K,16,2019-11-11,Nieokreślone (puste pole),20*36'140,52*52'510,615,Obszar zabudowany,Odcinek prosty,Droga wojewódzka,Jednojezdniowa dwukierunkowa,N,POWIAT CIECHANOWSKI,CIECHANÓW - OBSZAR MIEJSKI
1,1,0,2019,Dobre warunki atmosferyczne,Najechanie na pieszego,Dobre warunki atmosferyczne,Noc - droga oświetlona,Przejście dla pieszych,EWK-108498044D,17,2019-12-18,Nieokreślone (puste pole),21*01'344,52*55'235,57,Obszar zabudowany,Odcinek prosty,Droga krajowa,Jednojezdniowa dwukierunkowa,T,POWIAT MAKOWSKI,PŁONIAWY-BRAMURA - OBSZAR WIEJSKI
1,0,1,2019,Dobre warunki atmosferyczne,Najechanie na pieszego,Dobre warunki atmosferyczne,Światło dzienne,"Chodnik, droga dla pieszych",EWK-107665927C,10,2019-01-26,Lekko,22*16'127,52*09'542,GMINNA,Obszar zabudowany,,Droga gminna,Jednokierunkowa,N,POWIAT SIEDLCE,SIEDLCE - OBSZAR MIEJSKI
1,0,0,2019,Dobre warunki atmosferyczne,Najechanie na pieszego,Dobre warunki atmosferyczne,Światło dzienne,"Chodnik, droga dla pieszych",EWK-107665927C,10,2019-01-26,Nieokreślone (puste pole),22*16'127,52*09'542,GMINNA,Obszar zabudowany,,Droga gminna,Jednokierunkowa,N,POWIAT SIEDLCE,SIEDLCE - OBSZAR MIEJSKI
1,0,1,2019,Dobre warunki atmosferyczne,Najechanie na pieszego,Dobre warunki atmosferyczne,Światło dzienne,"Chodnik, droga dla pieszych",EWK-107914177Q,13,2019-05-08,Lekko,21*36'571,51*53'480,GMINNA,Obszar zabudowany,Odcinek prosty,Droga gminna,Jednojezdniowa dwukierunkowa,N,POWIAT GARWOLIŃSKI,GARWOLIN - OBSZAR MIEJSKI
1,0,0,2019,Dobre warunki atmosferyczne,Najechanie na pieszego,Dobre warunki atmosferyczne,Światło dzienne,"Chodnik, droga dla pieszych",EWK-107914177Q,13,2019-05-08,Nieokreślone (puste pole),21*36'571,51*53'480,GMINNA,Obszar zabudowany,Odcinek prosty,Droga gminna,Jednojezdniowa dwukierunkowa,N,POWIAT GARWOLIŃSKI,GARWOLIN - OBSZAR MIEJSKI
1,0,1,2019,Dobre warunki atmosferyczne,Najechanie na pieszego,Dobre warunki atmosferyczne,Światło dzienne,"Chodnik, droga dla pieszych",EWK-108030980Y,13,2019-07-08,Lekko,19*40'365,52*33'203,5210W,Obszar zabudowany,Odcinek prosty,Droga powiatowa,Jednojezdniowa dwukierunkowa,N,POWIAT PŁOCK,PŁOCK - OBSZAR MIEJSKI
1,0,0,2019,Dobre warunki atmosferyczne,Najechanie na pieszego,Dobre warunki atmosferyczne,Światło dzienne,"Chodnik, droga dla pieszych",EWK-108030980Y,13,2019-07-08,Nieokreślone (puste pole),19*40'365,52*33'203,5210W,Obszar zabudowany,Odcinek prosty,Droga powiatowa,Jednojezdniowa dwukierunkowa,N,POWIAT PŁOCK,PŁOCK - OBSZAR MIEJSKI
1,0,1,2019,Dobre warunki atmosferyczne,Najechanie na pieszego,Dobre warunki atmosferyczne,Światło dzienne,"Chodnik, droga dla pieszych",EWK-108090131Q,13,2019-08-10,Lekko,20*51'397,51*51'530,G160559S,Obszar zabudowany,Odcinek prosty,Droga gminna,Jednojezdniowa dwukierunkowa,N,POWIAT GRÓJECKI,GRÓJEC - OBSZAR MIEJSKI
1,0,0,2019,Dobre warunki atmosferyczne,Najechanie na pieszego,Dobre warunki atmosferyczne,Światło dzienne,"Chodnik, droga dla pieszych",EWK-108090131Q,13,2019-08-10,Nieokreślone (puste pole),20*51'397,51*51'530,G160559S,Obszar zabudowany,Odcinek prosty,Droga gminna,Jednojezdniowa dwukierunkowa,N,POWIAT GRÓJECKI,GRÓJEC - OBSZAR MIEJSKI
1,0,1,2019,Dobre warunki atmosferyczne,Najechanie na pieszego,Dobre warunki atmosferyczne,Światło dzienne,"Chodnik, droga dla pieszych",EWK-108274895U,14,2019-10-20,Ciężko,21*10'029,51*30'556,P3515W,Obszar zabudowany,Odcinek prosty,Droga powiatowa,Jednojezdniowa dwukierunkowa,N,POWIAT RADOMSKI,JEDLIŃSK - OBSZAR WIEJSKI
1,0,0,2019,Dobre warunki atmosferyczne,Najechanie na pieszego,Dobre warunki atmosferyczne,Światło dzienne,"Chodnik, droga dla pieszych",EWK-108274895U,14,2019-10-20,Nieokreślone (puste pole),21*10'029,51*30'556,P3515W,Obszar zabudowany,Odcinek prosty,Droga powiatowa,Jednojezdniowa dwukierunkowa,N,POWIAT RADOMSKI,JEDLIŃSK - OBSZAR WIEJSKI
1,0,1,2019,Dobre warunki atmosferyczne,Najechanie na pieszego,Dobre warunki atmosferyczne,Światło dzienne,"Droga, pas ruchu, śluza dla rowerów",EWK-108288372M,7,2019-10-29,Lekko,20*37'439,52*52'480,G120151W,Obszar zabudowany,Odcinek prosty,Droga gminna,Dwie jezdnie jednokierunkowe,N,POWIAT CIECHANOWSKI,CIECHANÓW - OBSZAR MIEJSKI
1,0,0,2019,Dobre warunki atmosferyczne,Najechanie na pieszego,Dobre warunki atmosferyczne,Światło dzienne,"Droga, pas ruchu, śluza dla rowerów",EWK-108288372M,7,2019-10-29,Nieokreślone (puste pole),20*37'439,52*52'480,G120151W,Obszar zabudowany,Odcinek prosty,Droga gminna,Dwie jezdnie jednokierunkowe,N,POWIAT CIECHANOWSKI,CIECHANÓW - OBSZAR MIEJSKI
1,0,1,2019,Dobre warunki atmosferyczne,Najechanie na pieszego,Dobre warunki atmosferyczne,Światło dzienne,Jezdnia,EWK-107620202M,14,2019-01-10,Lekko,20*09'183,52*34'596,P2933W,Obszar niezabudowany,"Zakręt, łuk",Droga powiatowa,Jednojezdniowa dwukierunkowa,T,POWIAT PŁOCKI,BULKOWO - OBSZAR WIEJSKI
1,0,0,2019,Dobre warunki atmosferyczne,Najechanie na pieszego,Dobre warunki atmosferyczne,Światło dzienne,Jezdnia,EWK-107620202M,14,2019-01-10,Nieokreślone (puste pole),20*09'183,52*34'596,P2933W,Obszar niezabudowany,"Zakręt, łuk",Droga powiatowa,Jednojezdniowa dwukierunkowa,T,POWIAT PŁOCKI,BULKOWO - OBSZAR WIEJSKI
1,0,1,2019,Dobre warunki atmosferyczne,Najechanie na pieszego,Dobre warunki atmosferyczne,Światło dzienne,Jezdnia,EWK-107676606L,12,2019-02-01,Lekko,22*03'383,52*12'540,P3675W,Obszar niezabudowany,Odcinek prosty,Droga powiatowa,Jednojezdniowa dwukierunkowa,N,POWIAT SIEDLECKI,KOTUŃ - OBSZAR WIEJSKI
1,0,0,2019,Dobre warunki atmosferyczne,Najechanie na pieszego,Dobre warunki atmosferyczne,Światło dzienne,Jezdnia,EWK-107676606L,12,2019-02-01,Nieokreślone (puste pole),22*03'383,52*12'540,P3675W,Obszar niezabudowany,Odcinek prosty,Droga powiatowa,Jednojezdniowa dwukierunkowa,N,POWIAT SIEDLECKI,KOTUŃ - OBSZAR WIEJSKI
1,0,1,2019,Dobre warunki atmosferyczne,Najechanie na pieszego,Dobre warunki atmosferyczne,Światło dzienne,Jezdnia,EWK-107685996M,9,2019-02-07,Lekko,20*15'393,52*49'157,7,Obszar zabudowany,Odcinek prosty,Droga krajowa,Dwie jezdnie jednokierunkowe,N,POWIAT CIECHANOWSKI,GLINOJECK - OBSZAR WIEJSKI
1,0,0,2019,Dobre warunki atmosferyczne,Najechanie na pieszego,Dobre warunki atmosferyczne,Światło dzienne,Jezdnia,EWK-107685996M,9,2019-02-07,Nieokreślone (puste pole),20*15'393,52*49'157,7,Obszar zabudowany,Odcinek prosty,Droga krajowa,Dwie jezdnie jednokierunkowe,N,POWIAT CIECHANOWSKI,GLINOJECK - OBSZAR WIEJSKI
1,0,1,2019,Dobre warunki atmosferyczne,Najechanie na pieszego,Dobre warunki atmosferyczne,Światło dzienne,Jezdnia,EWK-107693710E,15,2019-02-09,Lekko,21*11'094,51*47'181,GMINNA,Obszar zabudowany,Odcinek prosty,Droga gminna,Jednojezdniowa dwukierunkowa,N,POWIAT GRÓJECKI,WARKA - OBSZAR MIEJSKI
1,0,0,2019,Dobre warunki atmosferyczne,Najechanie na pieszego,Dobre warunki atmosferyczne,Światło dzienne,Jezdnia,EWK-107693710E,15,2019-02-09,Nieokreślone (puste pole),21*11'094,51*47'181,GMINNA,Obszar zabudowany,Odcinek prosty,Droga gminna,Jednojezdniowa dwukierunkowa,N,POWIAT GRÓJECKI,WARKA - OBSZAR MIEJSKI
1,0,1,2019,Dobre warunki atmosferyczne,Najechanie na pieszego,Dobre warunki atmosferyczne,Światło dzienne,Jezdnia,EWK-107730507P,11,2019-02-28,Lekko,19*45'129,52*32'355,I2,Obszar zabudowany,,Inna,Jednojezdniowa dwukierunkowa,N,POWIAT PŁOCK,PŁOCK - OBSZAR MIEJSKI
1,0,0,2019,Dobre warunki atmosferyczne,Najechanie na pieszego,Dobre warunki atmosferyczne,Światło dzienne,Jezdnia,EWK-107730507P,11,2019-02-28,Nieokreślone (puste pole),19*45'129,52*32'355,I2,Obszar zabudowany,,Inna,Jednojezdniowa dwukierunkowa,N,POWIAT PŁOCK,PŁOCK - OBSZAR MIEJSKI
1,0,1,2019,Dobre warunki atmosferyczne,Najechanie na pieszego,Dobre warunki atmosferyczne,Światło dzienne,Jezdnia,EWK-107731980T,16,2019-02-28,Lekko,21*14'181,51*25'263,GMINNA,Obszar zabudowany,Odcinek prosty,Droga gminna,Jednojezdniowa dwukierunkowa,N,POWIAT RADOMSKI,JEDLNIA-LETNISKO - OBSZAR WIEJSKI
1,0,0,2019,Dobre warunki atmosferyczne,Najechanie na pieszego,Dobre warunki atmosferyczne,Światło dzienne,Jezdnia,EWK-107731980T,16,2019-02-28,Nieokreślone (puste pole),21*14'181,51*25'263,GMINNA,Obszar zabudowany,Odcinek prosty,Droga gminna,Jednojezdniowa dwukierunkowa,N,POWIAT RADOMSKI,JEDLNIA-LETNISKO - OBSZAR WIEJSKI
1,0,1,2019,Dobre warunki atmosferyczne,Najechanie na pieszego,Dobre warunki atmosferyczne,Światło dzienne,Jezdnia,EWK-107734080X,10,2019-03-02,Lekko,21*49'331,51*52'38,GMINNA,Obszar zabudowany,Spadek,Droga gminna,Jednojezdniowa dwukierunkowa,N,POWIAT GARWOLIŃSKI,MIASTKÓW KOŚCIELNY - OBSZAR WIEJSKI
1,0,0,2019,Dobre warunki atmosferyczne,Najechanie na pieszego,Dobre warunki atmosferyczne,Światło dzienne,Jezdnia,EWK-107734080X,10,2019-03-02,Nieokreślone (puste pole),21*49'331,51*52'38,GMINNA,Obszar zabudowany,Spadek,Droga gminna,Jednojezdniowa dwukierunkowa,N,POWIAT GARWOLIŃSKI,MIASTKÓW KOŚCIELNY - OBSZAR WIEJSKI