Liczba wypadków,Liczba zabitych,Liczba rannych,Rok,Warunki atmosferyczne,Rodzaj zdarzenia,Warunki atmosferyczne,Oświetlenie,Charakterystyka miejsca zdarzenia,IDKSIP zdarzenia,Godzina,Dzień,Ranny,GPS x,GPS y,Numer drogi,Obszar,Geometria drogi,Kategoria drogi 1,Rodzaj drogi,Czy w zdarzeniu był sprawca nietrzeźwy,Powiat,Gmina
1,0,1,2019,Opady deszczu,Najechanie na pieszego,Opady deszczu,Światło dzienne,Jezdnia,EWK-107929093U,11,2019-05-16,Lekko,20*37'460,52*52'139,G120101W,Obszar zabudowany,,Droga gminna,Dwie jezdnie jednokierunkowe,N,POWIAT CIECHANOWSKI,CIECHANÓW - OBSZAR MIEJSKI
1,0,0,2019,Opady deszczu,Najechanie na pieszego,Opady deszczu,Światło dzienne,Jezdnia,EWK-107929093U,11,2019-05-16,Nieokreślone (puste pole),20*37'460,52*52'139,G120101W,Obszar zabudowany,,Droga gminna,Dwie jezdnie jednokierunkowe,N,POWIAT CIECHANOWSKI,CIECHANÓW - OBSZAR MIEJSKI
1,0,1,2019,Opady deszczu,Najechanie na pieszego,Opady deszczu,Światło dzienne,Jezdnia,EWK-108000949Q,15,2019-06-21,Ciężko,19*44'044,52*53'585,541,Obszar niezabudowany,Odcinek prosty,Droga wojewódzka,Jednojezdniowa dwukierunkowa,N,POWIAT SIERPECKI,ROŚCISZEWO - OBSZAR WIEJSKI
1,0,0,2019,Opady deszczu,Najechanie na pieszego,Opady deszczu,Światło dzienne,Jezdnia,EWK-108000949Q,15,2019-06-21,Nieokreślone (puste pole),19*44'044,52*53'585,541,Obszar niezabudowany,Odcinek prosty,Droga wojewódzka,Jednojezdniowa dwukierunkowa,N,POWIAT SIERPECKI,ROŚCISZEWO - OBSZAR WIEJSKI
1,0,1,2019,Opady deszczu,Najechanie na pieszego,Opady deszczu,Światło dzienne,Przejście dla pieszych,EWK-107785417J,14,2019-03-26,Ciężko,20*15'418,52*13'260,K92S,Obszar niezabudowany,,Droga krajowa,Jednojezdniowa dwukierunkowa,N,POWIAT SOCHACZEWSKI,SOCHACZEW - OBSZAR WIEJSKI
1,0,0,2019,Opady deszczu,Najechanie na pieszego,Opady deszczu,Światło dzienne,Przejście dla pieszych,EWK-107785417J,14,2019-03-26,Nieokreślone (puste pole),20*15'418,52*13'260,K92S,Obszar niezabudowany,,Droga krajowa,Jednojezdniowa dwukierunkowa,N,POWIAT SOCHACZEWSKI,SOCHACZEW - OBSZAR WIEJSKI
1,0,1,2019,Opady deszczu,Najechanie na pieszego,Opady deszczu,Światło dzienne,Przejście dla pieszych,EWK-107922259L,19,2019-05-12,Lekko,21*8''554,51*23'320,P5306W,Obszar zabudowany,Odcinek prosty,Droga powiatowa,Dwie jezdnie jednokierunkowe,N,POWIAT RADOM,RADOM - OBSZAR MIEJSKI
1,0,0,2019,Opady deszczu,Najechanie na pieszego,Opady deszczu,Światło dzienne,Przejście dla pieszych,EWK-107922259L,19,2019-05-12,Nieokreślone (puste pole),21*8''554,51*23'320,P5306W,Obszar zabudowany,Odcinek prosty,Droga powiatowa,Dwie jezdnie jednokierunkowe,N,POWIAT RADOM,RADOM - OBSZAR MIEJSKI
1,0,1,2019,Opady deszczu,Najechanie na pieszego,Opady deszczu,Światło dzienne,Przejście dla pieszych,EWK-107925382X,11,2019-05-14,Ciężko,21*27'200,52*35'414,GMINNA,Obszar zabudowany,Odcinek prosty,Droga gminna,Jednojezdniowa dwukierunkowa,N,POWIAT WYSZKOWSKI,WYSZKÓW - OBSZAR MIEJSKI
1,0,0,2019,Opady deszczu,Najechanie na pieszego,Opady deszczu,Światło dzienne,Przejście dla pieszych,EWK-107925382X,11,2019-05-14,Nieokreślone (puste pole),21*27'200,52*35'414,GMINNA,Obszar zabudowany,Odcinek prosty,Droga gminna,Jednojezdniowa dwukierunkowa,N,POWIAT WYSZKOWSKI,WYSZKÓW - OBSZAR MIEJSKI
1,0,1,2019,Opady deszczu,Najechanie na pieszego,Opady deszczu,Światło dzienne,Przejście dla pieszych,EWK-107947412F,10,2019-05-22,Ciężko,21*09'065,51*23'276,P5321W,Obszar zabudowany,"Zakręt, łuk",Droga powiatowa,Dwie jezdnie jednokierunkowe,N,POWIAT RADOM,RADOM - OBSZAR MIEJSKI
1,0,0,2019,Opady deszczu,Najechanie na pieszego,Opady deszczu,Światło dzienne,Przejście dla pieszych,EWK-107947412F,10,2019-05-22,Nieokreślone (puste pole),21*09'065,51*23'276,P5321W,Obszar zabudowany,"Zakręt, łuk",Droga powiatowa,Dwie jezdnie jednokierunkowe,N,POWIAT RADOM,RADOM - OBSZAR MIEJSKI
1,0,1,2019,Opady deszczu,Najechanie na pieszego,Opady deszczu,Światło dzienne,Przejście dla pieszych,EWK-107957996Q,12,2019-05-29,Lekko,21*10'399,51*24'344,P5312W,Obszar zabudowany,Odcinek prosty,Droga powiatowa,Jednojezdniowa dwukierunkowa,N,POWIAT RADOM,RADOM - OBSZAR MIEJSKI
1,0,0,2019,Opady deszczu,Najechanie na pieszego,Opady deszczu,Światło dzienne,Przejście dla pieszych,EWK-107957996Q,12,2019-05-29,Nieokreślone (puste pole),21*10'399,51*24'344,P5312W,Obszar zabudowany,Odcinek prosty,Droga powiatowa,Jednojezdniowa dwukierunkowa,N,POWIAT RADOM,RADOM - OBSZAR MIEJSKI
1,0,1,2019,Opady deszczu,Najechanie na pieszego,Opady deszczu,Światło dzienne,Przejście dla pieszych,EWK-108193929W,15,2019-09-30,Lekko,21*08'566,51*24'128,P5339W,Obszar zabudowany,,Droga powiatowa,Jednojezdniowa dwukierunkowa,N,POWIAT RADOM,RADOM - OBSZAR MIEJSKI
1,0,0,2019,Opady deszczu,Najechanie na pieszego,Opady deszczu,Światło dzienne,Przejście dla pieszych,EWK-108193929W,15,2019-09-30,Nieokreślone (puste pole),21*08'566,51*24'128,P5339W,Obszar zabudowany,,Droga powiatowa,Jednojezdniowa dwukierunkowa,N,POWIAT RADOM,RADOM - OBSZAR MIEJSKI
1,0,1,2019,Opady deszczu,Najechanie na pieszego,Opady deszczu,Światło dzienne,Przejście dla pieszych,EWK-108316986M,14,2019-11-13,Lekko,22*03'200,52*41'264,694,Obszar zabudowany,,Droga wojewódzka,Jednojezdniowa dwukierunkowa,N,POWIAT OSTROWSKI,MAŁKINIA GÓRNA - OBSZAR WIEJSKI
1,0,0,2019,Opady deszczu,Najechanie na pieszego,Opady deszczu,Światło dzienne,Przejście dla pieszych,EWK-108316986M,14,2019-11-13,Nieokreślone (puste pole),22*03'200,52*41'264,694,Obszar zabudowany,,Droga wojewódzka,Jednojezdniowa dwukierunkowa,N,POWIAT OSTROWSKI,MAŁKINIA GÓRNA - OBSZAR WIEJSKI
1,0,1,2019,Opady deszczu,Najechanie na pieszego,Opady deszczu,Światło dzienne,Przejście dla pieszych,EWK-108513125P,7,2019-12-24,Lekko,21*53'295,52*48'024,GMINNA,Obszar zabudowany,,Droga gminna,Jednojezdniowa dwukierunkowa,N,POWIAT OSTROWSKI,OSTRÓW MAZOWIECKA - OBSZAR MIEJSKI
1,0,0,2019,Opady deszczu,Najechanie na pieszego,Opady deszczu,Światło dzienne,Przejście dla pieszych,EWK-108513125P,7,2019-12-24,Nieokreślone (puste pole),21*53'295,52*48'024,GMINNA,Obszar zabudowany,,Droga gminna,Jednojezdniowa dwukierunkowa,N,POWIAT OSTROWSKI,OSTRÓW MAZOWIECKA - OBSZAR MIEJSKI
1,0,1,2019,Opady deszczu,Najechanie na pieszego,Opady deszczu,Światło dzienne,Przejście dla pieszych,EWK-108513130E,7,2019-12-24,Lekko,21*54'362,52*47'596,P2655W,Obszar zabudowany,,Droga powiatowa,Jednojezdniowa dwukierunkowa,N,POWIAT OSTROWSKI,OSTRÓW MAZOWIECKA - OBSZAR MIEJSKI
1,0,0,2019,Opady deszczu,Najechanie na pieszego,Opady deszczu,Światło dzienne,Przejście dla pieszych,EWK-108513130E,7,2019-12-24,Nieokreślone (puste pole),21*54'362,52*47'596,P2655W,Obszar zabudowany,,Droga powiatowa,Jednojezdniowa dwukierunkowa,N,POWIAT OSTROWSKI,OSTRÓW MAZOWIECKA - OBSZAR MIEJSKI
1,0,1,2019,Opady deszczu,Najechanie na pieszego,Opady deszczu,"Świt, zmrok",Przejście dla pieszych,EWK-107561080L,7,2019-01-02,Lekko,21*08'013,51*21'542,G530154W,Obszar zabudowany,Odcinek prosty,Droga gminna,Jednojezdniowa dwukierunkowa,N,POWIAT RADOM,RADOM - OBSZAR MIEJSKI
1,0,0,2019,Opady deszczu,Najechanie na pieszego,Opady deszczu,"Świt, zmrok",Przejście dla pieszych,EWK-107561080L,7,2019-01-02,Nieokreślone (puste pole),21*08'013,51*21'542,G530154W,Obszar zabudowany,Odcinek prosty,Droga gminna,Jednojezdniowa dwukierunkowa,N,POWIAT RADOM,RADOM - OBSZAR MIEJSKI
1,0,1,2019,Opady deszczu,Najechanie na pieszego,Opady deszczu,"Świt, zmrok",Przejście dla pieszych,EWK-108287926W,16,2019-11-05,Ciężko,21*26'216,51*28'126,P3523W,Obszar zabudowany,Odcinek prosty,Droga powiatowa,Jednojezdniowa dwukierunkowa,N,POWIAT RADOMSKI,PIONKI - OBSZAR MIEJSKI
1,0,0,2019,Opady deszczu,Najechanie na pieszego,Opady deszczu,"Świt, zmrok",Przejście dla pieszych,EWK-108287926W,16,2019-11-05,Nieokreślone (puste pole),21*26'216,51*28'126,P3523W,Obszar zabudowany,Odcinek prosty,Droga powiatowa,Jednojezdniowa dwukierunkowa,N,POWIAT RADOMSKI,PIONKI - OBSZAR MIEJSKI
1,0,1,2019,Opady deszczu,Najechanie na pieszego,Opady deszczu,"Świt, zmrok",Przejście dla pieszych,EWK-108365050T,6,2019-11-25,Ciężko,21*09'458,51*25'051,P5301W,Obszar zabudowany,,Droga powiatowa,Dwie jezdnie jednokierunkowe,N,POWIAT RADOM,RADOM - OBSZAR MIEJSKI
1,0,0,2019,Opady deszczu,Najechanie na pieszego,Opady deszczu,"Świt, zmrok",Przejście dla pieszych,EWK-108365050T,6,2019-11-25,Nieokreślone (puste pole),21*09'458,51*25'051,P5301W,Obszar zabudowany,,Droga powiatowa,Dwie jezdnie jednokierunkowe,N,POWIAT RADOM,RADOM - OBSZAR MIEJSKI
1,0,1,2019,Opady deszczu,Najechanie na pieszego,Opady deszczu,"Świt, zmrok",Przejście dla pieszych,EWK-108409865M,15,2019-12-02,Ciężko,19*40'334,52*51'277,541,Obszar zabudowany,,Droga wojewódzka,Jednojezdniowa dwukierunkowa,N,POWIAT SIERPECKI,SIERPC - OBSZAR MIEJSKI
1,0,0,2019,Opady deszczu,Najechanie na pieszego,Opady deszczu,"Świt, zmrok",Przejście dla pieszych,EWK-108409865M,15,2019-12-02,Nieokreślone (puste pole),19*40'334,52*51'277,541,Obszar zabudowany,,Droga wojewódzka,Jednojezdniowa dwukierunkowa,N,POWIAT SIERPECKI,SIERPC - OBSZAR MIEJSKI
1,1,0,2019,Opady deszczu,Najechanie na pieszego,Opady deszczu,"Świt, zmrok",Przejście dla pieszych,EWK-108414576L,7,2019-12-04,Nieokreślone (puste pole),21*27'502,52*35'563,GMINNA,Obszar zabudowany,Odcinek prosty,Droga gminna,Jednojezdniowa dwukierunkowa,N,POWIAT WYSZKOWSKI,WYSZKÓW - OBSZAR MIEJSKI
1,0,1,2019,"Opady deszczu; Opady śniegu, gradu",Najechanie na pieszego,"Opady deszczu; Opady śniegu, gradu",Noc - droga oświetlona,Jezdnia,EWK-107674875G,6,2019-01-31,Ciężko,21*10'581,51*22'466,9,Obszar zabudowany,Odcinek prosty,Droga krajowa,Jednojezdniowa dwukierunkowa,N,POWIAT RADOM,RADOM - OBSZAR MIEJSKI
1,0,0,2019,"Opady deszczu; Opady śniegu, gradu",Najechanie na pieszego,"Opady deszczu; Opady śniegu, gradu",Noc - droga oświetlona,Jezdnia,EWK-107674875G,6,2019-01-31,Nieokreślone (puste pole),21*10'581,51*22'466,9,Obszar zabudowany,Odcinek prosty,Droga krajowa,Jednojezdniowa dwukierunkowa,N,POWIAT RADOM,RADOM - OBSZAR MIEJSKI
1,0,1,2019,"Opady śniegu, gradu",Najechanie na pieszego,"Opady śniegu, gradu",Noc - droga nieoświetlona,Jezdnia,EWK-107663207H,5,2019-01-25,Lekko,20*51'594,51*46'298,GMINNA,Obszar niezabudowany,Odcinek prosty,Droga gminna,Jednojezdniowa dwukierunkowa,N,POWIAT GRÓJECKI,GOSZCZYN - OBSZAR WIEJSKI
1,0,0,2019,"Opady śniegu, gradu",Najechanie na pieszego,"Opady śniegu, gradu",Noc - droga nieoświetlona,Jezdnia,EWK-107663207H,5,2019-01-25,Nieokreślone (puste pole),20*51'594,51*46'298,GMINNA,Obszar niezabudowany,Odcinek prosty,Droga gminna,Jednojezdniowa dwukierunkowa,N,POWIAT GRÓJECKI,GOSZCZYN - OBSZAR WIEJSKI
1,1,0,2019,"Opady śniegu, gradu",Najechanie na pieszego,"Opady śniegu, gradu",Noc - droga nieoświetlona,Jezdnia,EWK-107669202R,19,2019-01-28,Nieokreślone (puste pole),20*29'370,52*47'510,P1241W,Obszar niezabudowany,Odcinek prosty,Droga powiatowa,Jednojezdniowa dwukierunkowa,N,POWIAT CIECHANOWSKI,OJRZEŃ - OBSZAR WIEJSKI
1,0,1,2019,"Opady śniegu, gradu",Najechanie na pieszego,"Opady śniegu, gradu",Noc - droga oświetlona,"Chodnik, droga dla pieszych",EWK-108408870D,19,2019-12-02,Lekko,21*36'218,51*53'587,P1372W,Obszar zabudowany,Odcinek prosty,Droga powiatowa,Jednojezdniowa dwukierunkowa,N,POWIAT GARWOLIŃSKI,GARWOLIN - OBSZAR MIEJSKI
1,0,0,2019,"Opady śniegu, gradu",Najechanie na pieszego,"Opady śniegu, gradu",Noc - droga oświetlona,"Chodnik, droga dla pieszych",EWK-108408870D,19,2019-12-02,Nieokreślone (puste pole),21*36'218,51*53'587,P1372W,Obszar zabudowany,Odcinek prosty,Droga powiatowa,Jednojezdniowa dwukierunkowa,N,POWIAT GARWOLIŃSKI,GARWOLIN - OBSZAR MIEJSKI
1,0,1,2019,"Opady śniegu, gradu",Najechanie na pieszego,"Opady śniegu, gradu",Światło dzienne,Przejście dla pieszych,EWK-107573897D,6,2019-01-05,Lekko,20*14'109,52*13'470,GMINNA,Obszar zabudowany,,Droga gminna,Jednojezdniowa dwukierunkowa,N,POWIAT SOCHACZEWSKI,SOCHACZEW - OBSZAR MIEJSKI
1,0,0,2019,"Opady śniegu, gradu",Najechanie na pieszego,"Opady śniegu, gradu",Światło dzienne,Przejście dla pieszych,EWK-107573897D,6,2019-01-05,Nieokreślone (puste pole),20*14'109,52*13'470,GMINNA,Obszar zabudowany,,Droga gminna,Jednojezdniowa dwukierunkowa,N,POWIAT SOCHACZEWSKI,SOCHACZEW - OBSZAR MIEJSKI
1,0,1,2019,"Opady śniegu, gradu",Najechanie na pieszego,"Opady śniegu, gradu",Światło dzienne,Przejście dla pieszych,EWK-107663381T,9,2019-01-25,Lekko,22*16'491,52*10'026,GMINNA,Obszar zabudowany,Odcinek prosty,Droga gminna,Jednojezdniowa dwukierunkowa,N,POWIAT SIEDLCE,SIEDLCE - OBSZAR MIEJSKI
1,0,0,2019,"Opady śniegu, gradu",Najechanie na pieszego,"Opady śniegu, gradu",Światło dzienne,Przejście dla pieszych,EWK-107663381T,9,2019-01-25,Nieokreślone (puste pole),22*16'491,52*10'026,GMINNA,Obszar zabudowany,Odcinek prosty,Droga gminna,Jednojezdniowa dwukierunkowa,N,POWIAT SIEDLCE,SIEDLCE - OBSZAR MIEJSKI
1,0,1,2019,"Opady śniegu, gradu",Najechanie na pieszego,"Opady śniegu, gradu",Światło dzienne,"Wjazd, wyjazd z posesji, pola",EWK-107574524H,13,2019-01-05,Lekko,21*09'425,51*23'537,P5304W  ,Obszar zabudowany,Odcinek prosty,Droga powiatowa,Jednojezdniowa dwukierunkowa,N,POWIAT RADOM,RADOM - OBSZAR MIEJSKI
1,0,0,2019,"Opady śniegu, gradu",Najechanie na pieszego,"Opady śniegu, gradu",Światło dzienne,"Wjazd, wyjazd z posesji, pola",EWK-107574524H,13,2019-01-05,Nieokreślone (puste pole),21*09'425,51*23'537,P5304W  ,Obszar zabudowany,Odcinek prosty,Droga powiatowa,Jednojezdniowa dwukierunkowa,N,POWIAT RADOM,RADOM - OBSZAR MIEJSKI
1,0,1,2019,"Opady śniegu, gradu",Najechanie na pieszego,"Opady śniegu, gradu","Świt, zmrok",Jezdnia,EWK-107615681Q,18,2019-01-09,Lekko,21*31'554,51*57'322,805,Obszar zabudowany,Odcinek prosty,Droga wojewódzka,Jednojezdniowa dwukierunkowa,N,POWIAT GARWOLIŃSKI,PILAWA - OBSZAR WIEJSKI
1,0,0,2019,"Opady śniegu, gradu",Najechanie na pieszego,"Opady śniegu, gradu","Świt, zmrok",Jezdnia,EWK-107615681Q,18,2019-01-09,Nieokreślone (puste pole),21*31'554,51*57'322,805,Obszar zabudowany,Odcinek prosty,Droga wojewódzka,Jednojezdniowa dwukierunkowa,N,POWIAT GARWOLIŃSKI,PILAWA - OBSZAR WIEJSKI
1,0,1,2019,"Opady śniegu, gradu",Najechanie na pieszego,"Opady śniegu, gradu","Świt, zmrok",Jezdnia,EWK-107665829H,7,2019-01-26,Lekko,21*42'381,52*43'131,8,Obszar niezabudowany,"Zakręt, łuk",Droga krajowa,Jednojezdniowa dwukierunkowa,N,POWIAT OSTROWSKI,OSTRÓW MAZOWIECKA - OBSZAR WIEJSKI
1,0,0,2019,"Opady śniegu, gradu",Najechanie na pieszego,"Opady śniegu, gradu","Świt, zmrok",Jezdnia,EWK-107665829H,7,2019-01-26,Nieokreślone (puste pole),21*42'381,52*43'131,8,Obszar niezabudowany,"Zakręt, łuk",Droga krajowa,Jednojezdniowa dwukierunkowa,N,POWIAT OSTROWSKI,OSTRÓW MAZOWIECKA - OBSZAR WIEJSKI
1,0,1,2019,Oślepiające słońce,Najechanie na pieszego,Oślepiające słońce,Światło dzienne,Jezdnia,EWK-107806287P,12,2019-04-01,Ciężko,21*07'499,51*23'158,744,Obszar zabudowany,Odcinek prosty,Droga wojewódzka,Jednojezdniowa dwukierunkowa,N,POWIAT RADOM,RADOM - OBSZAR MIEJSKI
1,0,0,2019,Oślepiające słońce,Najechanie na pieszego,Oślepiające słońce,Światło dzienne,Jezdnia,EWK-107806287P,12,2019-04-01,Nieokreślone (puste pole),21*07'499,51*23'158,744,Obszar zabudowany,Odcinek prosty,Droga wojewódzka,Jednojezdniowa dwukierunkowa,N,POWIAT RADOM,RADOM - OBSZAR MIEJSKI
1,0,1,2019,Oślepiające słońce,Najechanie na pieszego,Oślepiające słońce,Światło dzienne,Przejście dla pieszych,EWK-107808155Y,18,2019-04-01,Lekko,22*16'273,52*10'015,GMINNA,Obszar zabudowany,Odcinek prosty,Droga gminna,Jednojezdniowa dwukierunkowa,N,POWIAT SIEDLCE,SIEDLCE - OBSZAR MIEJSKI
1,0,0,2019,Oślepiające słońce,Najechanie na pieszego,Oślepiające słońce,Światło dzienne,Przejście dla pieszych,EWK-107808155Y,18,2019-04-01,Nieokreślone (puste pole),22*16'273,52*10'015,GMINNA,Obszar zabudowany,Odcinek prosty,Droga gminna,Jednojezdniowa dwukierunkowa,N,POWIAT SIEDLCE,SIEDLCE - OBSZAR MIEJSKI
1,0,1,2019,Oślepiające słońce,Najechanie na pieszego,Oślepiające słońce,Światło dzienne,Przejście dla pieszych,EWK-108070572J,18,2019-07-31,Lekko,20*36'220,52*52'594,615,Obszar zabudowany,Odcinek prosty,Droga wojewódzka,Jednojezdniowa dwukierunkowa,N,POWIAT CIECHANOWSKI,CIECHANÓW - OBSZAR MIEJSKI
1,0,0,2019,Oślepiające słońce,Najechanie na pieszego,Oślepiające słońce,Światło dzienne,Przejście dla pieszych,EWK-108070572J,18,2019-07-31,Nieokreślone (puste pole),20*36'220,52*52'594,615,Obszar zabudowany,Odcinek prosty,Droga wojewódzka,Jednojezdniowa dwukierunkowa,N,POWIAT CIECHANOWSKI,CIECHANÓW - OBSZAR MIEJSKI
1,0,1,2019,Oślepiające słońce,Najechanie na pieszego,Oślepiające słońce,Światło dzienne,Przejście dla pieszych,EWK-108105460F,11,2019-08-17,Ciężko,21*07'497,51*23'033,744,Obszar zabudowany,Odcinek prosty,Droga wojewódzka,Jednojezdniowa dwukierunkowa,N,POWIAT RADOM,RADOM - OBSZAR MIEJSKI
1,0,0,2019,Oślepiające słońce,Najechanie na pieszego,Oślepiające słońce,Światło dzienne,Przejście dla pieszych,EWK-108105460F,11,2019-08-17,Nieokreślone (puste pole),21*07'497,51*23'033,744,Obszar zabudowany,Odcinek prosty,Droga wojewódzka,Jednojezdniowa dwukierunkowa,N,POWIAT RADOM,RADOM - OBSZAR MIEJSKI
1,0,1,2019,Oślepiające słońce,Najechanie na pieszego,Oślepiające słońce,Światło dzienne,Przejście dla pieszych,EWK-108234649Y,17,2019-10-15,Lekko,20*22'068,52*37'559,P3081W,Obszar zabudowany,Odcinek prosty,Droga powiatowa,Jednojezdniowa dwukierunkowa,N,POWIAT PŁOŃSKI,PŁOŃSK - OBSZAR MIEJSKI
1,0,0,2019,Oślepiające słońce,Najechanie na pieszego,Oślepiające słońce,Światło dzienne,Przejście dla pieszych,EWK-108234649Y,17,2019-10-15,Nieokreślone (puste pole),20*22'068,52*37'559,P3081W,Obszar zabudowany,Odcinek prosty,Droga powiatowa,Jednojezdniowa dwukierunkowa,N,POWIAT PŁOŃSKI,PŁOŃSK - OBSZAR MIEJSKI
1,0,1,2019,Pochmurno,Inne,Pochmurno,Noc - droga nieoświetlona,Jezdnia,EWK-108491557N,17,2019-12-15,Ciężko,21*29'583,53*08'095,53,Obszar niezabudowany,Odcinek prosty,Droga krajowa,Jednojezdniowa dwukierunkowa,T,POWIAT OSTROŁĘCKI,LELIS - OBSZAR WIEJSKI
1,0,0,2019,Pochmurno,Inne,Pochmurno,Noc - droga nieoświetlona,Jezdnia,EWK-108491557N,17,2019-12-15,Nieokreślone (puste pole),21*29'583,53*08'095,53,Obszar niezabudowany,Odcinek prosty,Droga krajowa,Jednojezdniowa dwukierunkowa,T,POWIAT OSTROŁĘCKI,LELIS - OBSZAR WIEJSKI
1,0,1,2019,Pochmurno,Inne,Pochmurno,Noc - droga oświetlona,Jezdnia,EWK-107556520A,18,2019-01-01,Lekko,21*39'291,51*57'520,805,Obszar zabudowany,Odcinek prosty,Droga wojewódzka,Jednojezdniowa dwukierunkowa,N,POWIAT GARWOLIŃSKI,PARYSÓW - OBSZAR WIEJSKI
1,0,0,2019,Pochmurno,Inne,Pochmurno,Noc - droga oświetlona,Jezdnia,EWK-107556520A,18,2019-01-01,Nieokreślone (puste pole),21*39'291,51*57'520,805,Obszar zabudowany,Odcinek prosty,Droga wojewódzka,Jednojezdniowa dwukierunkowa,N,POWIAT GARWOLIŃSKI,PARYSÓW - OBSZAR WIEJSKI
1,1,0,2019,Pochmurno,Najechanie na pieszego,Pochmurno,Noc - droga nieoświetlona,Jezdnia,EWK-107627945L,16,2019-01-13,Nieokreślone (puste pole),21*39'443,53*02'350,627,Obszar niezabudowany,Odcinek prosty,Droga wojewódzka,Jednojezdniowa dwukierunkowa,T,POWIAT OSTROŁĘCKI,RZEKUŃ - OBSZAR WIEJSKI
1,1,0,2019,Pochmurno,Najechanie na pieszego,Pochmurno,Noc - droga nieoświetlona,Jezdnia,EWK-107670413K,17,2019-01-29,Nieokreślone (puste pole),20*50'00,52*43'498,P1242W,Obszar niezabudowany,Odcinek prosty,Droga powiatowa,Jednojezdniowa dwukierunkowa,N,POWIAT PUŁTUSKI,GZY - OBSZAR WIEJSKI
1,0,1,2019,Pochmurno,Najechanie na pieszego,Pochmurno,Noc - droga nieoświetlona,Jezdnia,EWK-108064737U,21,2019-07-27,Lekko,20*19'096,52*24'197,62,Obszar zabudowany,Odcinek prosty,Droga krajowa,Jednojezdniowa dwukierunkowa,T,POWIAT PŁOŃSKI,CZERWIŃSK NAD WISŁĄ - OBSZAR WIEJSKI
1,0,0,2019,Pochmurno,Najechanie na pieszego,Pochmurno,Noc - droga nieoświetlona,Jezdnia,EWK-108064737U,21,2019-07-27,Nieokreślone (puste pole),20*19'096,52*24'197,62,Obszar zabudowany,Odcinek prosty,Droga krajowa,Jednojezdniowa dwukierunkowa,T,POWIAT PŁOŃSKI,CZERWIŃSK NAD WISŁĄ - OBSZAR WIEJSKI
1,0,1,2019,Pochmurno,Najechanie na pieszego,Pochmurno,Noc - droga nieoświetlona,Jezdnia,EWK-108064799G,21,2019-07-27,Ciężko,22*34'213,52*12'419,GMINNA,Obszar niezabudowany,Odcinek prosty,Droga gminna,Jednojezdniowa dwukierunkowa,T,POWIAT SIEDLECKI,MORDY - OBSZAR WIEJSKI
1,0,0,2019,Pochmurno,Najechanie na pieszego,Pochmurno,Noc - droga nieoświetlona,Jezdnia,EWK-108064799G,21,2019-07-27,Nieokreślone (puste pole),22*34'213,52*12'419,GMINNA,Obszar niezabudowany,Odcinek prosty,Droga gminna,Jednojezdniowa dwukierunkowa,T,POWIAT SIEDLECKI,MORDY - OBSZAR WIEJSKI
1,0,1,2019,Pochmurno,Najechanie na pieszego,Pochmurno,Noc - droga nieoświetlona,Jezdnia,EWK-108230376L,19,2019-10-13,Ciężko,21*18'412,51*18'033,733,Obszar niezabudowany,Odcinek prosty,Droga wojewódzka,Jednojezdniowa dwukierunkowa,N,POWIAT RADOMSKI,SKARYSZEW - OBSZAR WIEJSKI
1,0,0,2019,Pochmurno,Najechanie na pieszego,Pochmurno,Noc - droga nieoświetlona,Jezdnia,EWK-108230376L,19,2019-10-13,Nieokreślone (puste pole),21*18'412,51*18'033,733,Obszar niezabudowany,Odcinek prosty,Droga wojewódzka,Jednojezdniowa dwukierunkowa,N,POWIAT RADOMSKI,SKARYSZEW - OBSZAR WIEJSKI
1,0,1,2019,Pochmurno,Najechanie na pieszego,Pochmurno,Noc - droga nieoświetlona,Jezdnia,EWK-108273130Y,19,2019-10-29,Lekko,22*52'173,52*21'289,19,Obszar niezabudowany,"Zakręt, łuk",Droga krajowa,Jednojezdniowa dwukierunkowa,N,POWIAT ŁOSICKI,SARNAKI - OBSZAR WIEJSKI
1,0,0,2019,Pochmurno,Najechanie na pieszego,Pochmurno,Noc - droga nieoświetlona,Jezdnia,EWK-108273130Y,19,2019-10-29,Nieokreślone (puste pole),22*52'173,52*21'289,19,Obszar niezabudowany,"Zakręt, łuk",Droga krajowa,Jednojezdniowa dwukierunkowa,N,POWIAT ŁOSICKI,SARNAKI - OBSZAR WIEJSKI
1,1,0,2019,Pochmurno,Najechanie na pieszego,Pochmurno,Noc - droga nieoświetlona,Jezdnia,EWK-108317795A,16,2019-11-13,Nieokreślone (puste pole),20*27'334,52*41'587,P3036W,Obszar niezabudowany,Odcinek prosty,Droga powiatowa,Jednojezdniowa dwukierunkowa,N,POWIAT PŁOŃSKI,SOCHOCIN - OBSZAR WIEJSKI
1,0,1,2019,Pochmurno,Najechanie na pieszego,Pochmurno,Noc - droga nieoświetlona,Jezdnia,EWK-108516949R,17,2019-12-26,Lekko,21*09'582,51*22'526,G530113W,Obszar zabudowany,Odcinek prosty,Droga gminna,Jednojezdniowa dwukierunkowa,N,POWIAT RADOM,RADOM - OBSZAR MIEJSKI
1,0,0,2019,Pochmurno,Najechanie na pieszego,Pochmurno,Noc - droga nieoświetlona,Jezdnia,EWK-108516949R,17,2019-12-26,Nieokreślone (puste pole),21*09'582,51*22'526,G530113W,Obszar zabudowany,Odcinek prosty,Droga gminna,Jednojezdniowa dwukierunkowa,N,POWIAT RADOM,RADOM - OBSZAR MIEJSKI
1,1,0,2019,Pochmurno,Najechanie na pieszego,Pochmurno,Noc - droga nieoświetlona,Jezdnia,EWK-108518443A,5,2019-12-28,Nieokreślone (puste pole),21*32'404,53*05'563,53,Obszar niezabudowany,Odcinek prosty,Droga krajowa,Jednojezdniowa dwukierunkowa,N,POWIAT OSTROŁĘCKI,OLSZEWO-BORKI - OBSZAR WIEJSKI